Workbook

Sheet Quality Evaluation Form
A1: Step | B1: Evaluation Criteria | C1: Criticality | D1: Weightage | E1: Assessment Score (0-5) | F1: Comments | G1: Guidance | I1: Weighted Score | K1: Pass | L1: Covers all aspect
A2: 1 | B2: Greeting clarity and professionalism | C2: Fatal | D2: 0.12 | G2: Must include GDPR notice and company name | I2: =IF(AND(ISNUMBER($D2),ISNUMBER($E2)), $D2 * $E2 / 5, "") | K2: Fail | L2: Fails to cover all aspects
A3: 2 | B3: Identity verification (DPA) after purpose disclosure | C3: Fatal | D3: 0.12 | G3: Verify only after explaining purpose | I3: =IF(AND(ISNUMBER($D3),ISNUMBER($E3)), $D3 * $E3 / 5, "")
A4: 3 | B4: Clear explanation of call purpose | C4: Non-Fatal | D4: 0.07 | G4: Confirm and restate customer’s intent | I4: =IF(AND(ISNUMBER($D4),ISNUMBER($E4)), $D4 * $E4 / 5, "")
A5: 4 | B5: Complete and structured questioning | C5: Minor | D5: 0.05 | G5: Use structured, relevant questions | I5: =IF(AND(ISNUMBER($D5),ISNUMBER($E5)), $D5 * $E5 / 5, "")
A6: 5 | B6: Addressing customer’s issue or reason | C6: Non-Fatal | D6: 0.07 | G6: Tailor response to customer’s concern | I6: =IF(AND(ISNUMBER($D6),ISNUMBER($E6)), $D6 * $E6 / 5, "")
A7: 6 | B7: Use of clear and professional language | C7: Non-Fatal | D7: 0.07 | G7: Avoid slang, use clear and polite language | I7: =IF(AND(ISNUMBER($D7),ISNUMBER($E7)), $D7 * $E7 / 5, "")
A8: 7 | B8: Transparent rate/process explanation | C8: Fatal | D8: 0.12 | G8: Explain changes, fees, and process clearly | I8: =IF(AND(ISNUMBER($D8),ISNUMBER($E8)), $D8 * $E8 / 5, "")
A9: 8 | B9: Explicit consent for callback and contact use | C9: Fatal | D9: 0.12 | G9: Ask for permission before follow-up | I9: =IF(AND(ISNUMBER($D9),ISNUMBER($E9)), $D9 * $E9 / 5, "")
A10: 9 | B10: Retention efforts (if applicable) | C10: Non-Fatal | D10: 0.07 | G10: Offer value-based options respectfully | I10: =IF(AND(ISNUMBER($D10),ISNUMBER($E10)), $D10 * $E10 / 5, "")
A11: 10 | B11: Adherence to process and accuracy | C11: Fatal | D11: 0.12 | G11: Follow E.ON’s process and regulatory steps | I11: =IF(AND(ISNUMBER($D11),ISNUMBER($E11)), $D11 * $E11 / 5, "")
A12: 11 | B12: Professional and complete call closure | C12: Non-Fatal | D12: 0.07 | G12: Recap next steps and thank the customer | I12: =IF(AND(ISNUMBER($D12),ISNUMBER($E12)), $D12 * $E12 / 5, "")
H14: Total Weighted Score | I14: =SUM(I2:I12) -> 0
H15: Sum of Weights | I15: =SUM(D2:D12) -> 1
H16: Normalized Score (0-5) | I16: =IF(AND(ISNUMBER($I14), ISNUMBER($I15), $I15<>0), $I14/$I15 * 5, "") -> 0
H17: Percentage Score (%) | I17: =IF(ISNUMBER($I16), $I16/5, "") -> 0
A19: Note: Weighted Score = (Weightage * Rating) / 5; Ratings and Weightage on 0-5 scale via Column E and Column D respectively. Normalized Score = (Total Weighted Score / Sum of Weights) * 5; Percentage Score = Normalized Score / 5 * 100.

Sheet Process Flow Mapping
A1: Call Stages | B1: Process Flow | C1: What is Expected? | D1: What Happened? (Example)
A2: Call Initiation | B2: Greets and confirms call is recorded | C2: Clear greeting, mention of E.ON, GDPR-compliant call recording notice, professional tone | D2: “Hello, thank you for calling E.ON Energy. This call is being recorded…”
A3: Customer Verification | B3: Confirms identity and authority | C3: Verifies identity after explaining GDPR purpose; confirms authority if third party | D3: “To comply with data protection, may I confirm your address?”
A4: Purpose of Call Explained | B4: Clarifies if customer wants to renew or cancel | C4: Clear, concise confirmation of purpose | D4: “I understand you’re calling to renew your plan.”
A5: Customer Engagement | B5: Customer explains issue; agent listens and responds | C5: Active listening, empathy, patience, structured questioning | D5: “I understand your concern about the high bills…”
A6: Service Discussion | B6: Agent checks usage, explains options or cancellation process | C6: Product knowledge, relevance, transparency, tailored options | D6: “You’ve used 30% more energy; here are two plans that suit your needs…”
A7: Rate/Process Explanation | B7: Explains rate changes or cancellation steps | C7: Transparency, accuracy, no pressure, GDPR and regulatory compliance | D7: “Your previous rate expired; new rates reflect market changes…”
A8: Retention Offer | B8: Offers discount or alternative plan if appropriate | C8: Respectful tone, optional offer, no pressure | D8: “We can offer a 10% discount if you stay with us…”
A9: Customer Decision | B9: Customer confirms renewal or cancellation | C9: Flexibility, clear next steps, documentation of consent | D9: “I’ll call you back at 6 PM as agreed.”
A10: Call Closure | B10: Agent ends call | C10: Courteous, confirms next steps, thanks customer | D10: “Thank you for choosing E.ON. Have a great day!”

Sheet Fracture Point Analysis
A1: Step | B1: Interaction Segment | C1: Fracture Point | D1: Risk/Impact | E1: Mitigation Strategy
A2: 1 | B2: “Hello, thank you for calling E.ON…” | C2: Unclear greeting | D2: Confusion, GDPR breach risk | E2: Use standardized greeting with company name and GDPR notice
A3: 2 | B3: “Is this [Name]?” | C3: Verification without consent | D3: Privacy breach, trust erosion | E3: Explain purpose before verifying identity
A4: 3 | B4: “I want to renew/cancel…” | C4: Unclear purpose | D4: Customer uncertainty | E4: Confirm and restate purpose of call
A5: 4 | B5: “How many accounts are…” | C5: Incomplete question | D5: Miscommunication | E5: Use structured, complete questions
A6: 5 | B6: “Can I call you back at this number?” | C6: Assumption of consent | D6: GDPR risk, customer discomfort | E6: Ask for explicit permission for follow-up
A7: 6 | B7: “What’s it gonna take to renew…” | C7: Non-uniform phrasing | D7: Customer confusion | E7: Use clear, professional language
A8: 7 | B8: “Rate you had is no longer available…” | C8: Rate/process disclosure without clarity | D8: Customer apprehension, trust erosion | E8: Provide transparent rationale and options
A9: 8 | B9: “Call me back tomorrow…” | C9: Customer communication | D9: Missed opportunity | E9: Offer flexible scheduling and confirm follow-up
A10: 9 | B10: “When is it expire…” | C10: Poor grammar and clarity | D10: Misunderstanding | E10: Use grammatically correct, clear phrasing
A11: 10 | B11: “Just bear with me…” | C11: Unclear hold procedure | D11: Frustration, hang-up risk | E11: Inform customer of hold time and reason
A12: 11 | B12: “Take care…” | C12: Abrupt closure | D12: Missed confirmation, poor final impression | E12: End with summary and next steps

Sheet Criticality Mapping
A1: Step | B1: Fracture Point | C1: Impact on Customer | D1: Reason | E1: Criticality | F1: Weightage
A2: 1 | B2: Unclear greeting | C2: Confusion, unprofessional tone | D2: Weak opening affects credibility and GDPR compliance | E2: Fatal | F2: =VLOOKUP(E2,'Quality Evaluation Form'!C:D,2,0) -> 0.12 | I2: Fatal | J2: High-risk issues that can lead to compliance violations, loss of customer trust, or regulatory consequences.
A3: 2 | B3: Verification without consent | C3: Privacy breach, trust erosion | D3: Identity confirmed before explaining call purpose | E3: Fatal | F3: =VLOOKUP(E3,'Quality Evaluation Form'!C:D,2,0) -> 0.12 | I3: Non-Fatal | J3: Affect customer satisfaction, clarity, or operational efficiency, but are not immediately non-compliant.
A4: 3 | B4: Unexplained purpose of call | C4: Uncertainty, disengagement | D4: Customer unsure why they are being contacted | E4: Non-Fatal | F4: =VLOOKUP(E4,'Quality Evaluation Form'!C:D,2,0) -> 0.07 | I4: Minor | J4: Low-risk but still affect the overall polish and customer experience.
A5: 4 | B5: Incomplete question | C5: Disrupted flow | D5: Affects conversation smoothness | E5: Minor | F5: =VLOOKUP(E5,'Quality Evaluation Form'!C:D,2,0) -> 0.05
A6: 5 | B6: Assumption of consent to call back | C6: Legal risk, customer discomfort | D6: No explicit permission to use contact number | E6: Fatal | F6: =VLOOKUP(E6,'Quality Evaluation Form'!C:D,2,0) -> 0.12
A7: 6 | B7: Non-uniform phrasing | C7: Miscommunication | D7: Informal or unclear language reduces clarity | E7: Non-Fatal | F7: =VLOOKUP(E7,'Quality Evaluation Form'!C:D,2,0) -> 0.07
A8: 7 | B8: Rate/process disclosure without clarity | C8: Poor retention, churn risk | D8: Lack of transparency may lead to complaints or loss of trust | E8: Fatal | F8: =VLOOKUP(E8,'Quality Evaluation Form'!C:D,2,0) -> 0.12
A9: 8 | B9: Customer communication not handled | C9: Missed opportunity | D9: Could have offered a scheduled callback | E9: Non-Fatal | F9: =VLOOKUP(E9,'Quality Evaluation Form'!C:D,2,0) -> 0.07
A10: 9 | B10: Poor grammar and clarity | C10: Misunderstanding | D10: Reduces professionalism and may confuse the customer | E10: Non-Fatal | F10: =VLOOKUP(E10,'Quality Evaluation Form'!C:D,2,0) -> 0.07
A11: 10 | B11: Unclear hold procedure | C11: Frustration | D11: Lack of clarity on hold time or reason | E11: Minor | F11: =VLOOKUP(E11,'Quality Evaluation Form'!C:D,2,0) -> 0.05
A12: 11 | B12: Abrupt closure | C12: Incomplete resolution | D12: No summary or confirmation of next steps | E12: Non-Fatal | F12: =VLOOKUP(E12,'Quality Evaluation Form'!C:D,2,0) -> 0.07
A13: 12 | B13: Unclear purpose | C13: Customer uncertainty | D13: Confirm and restate purpose of call | E13: Non-Fatal | F13: =VLOOKUP(E13,'Quality Evaluation Form'!C:D,2,0) -> 0.07
A14: 13 | B14: Assumption of consent | C14: GDPR risk, customer discomfort | D14: Ask for explicit permission for follow-up | E14: Non-Fatal | F14: =VLOOKUP(E14,'Quality Evaluation Form'!C:D,2,0) -> 0.07
A15: 14 | B15: Customer communication | C15: Missed opportunity | D15: Offer flexible scheduling and confirm follow-up | E15: Non-Fatal | F15: =VLOOKUP(E15,'Quality Evaluation Form'!C:D,2,0) -> 0.07
